{"mtx": [[1661.9858075971506, 0.0, 1920], [0.0, 1754.9240661435385, 1080], [0.0, 0.0, 1.0]], "dist": [[0.02860154085466485, -0.12875436295455123, -0.0014470018404322623, -0.007062204487145888, 0.15581901874827636]]}