{"mtx": [[3196.7603588885904, 0.0, 1995.8401577915522], [0.0, 3234.4497616442095, 1162.6359663976525], [0.0, 0.0, 1.0]], "dist": [[0.16352955295812424, -0.5300034636316092, -0.002215101017725849, -0.0005040172078855038, 0.13995922759467677]]}