{"mtx": [[1741.6521235292537, 0.0, 1877.1024434629583], [0.0, 1747.8234728546402, 1120.919598407994], [0.0, 0.0, 1.0]], "dist": [[-0.015944858361764905, 0.020171463042229828, 0.003256466881426645, -0.003557175616315309, -0.011493395743829014]]}