{"mtx": [[3200.945359076521, 0.0, 2035.2393934883962], [0.0, 3185.3914819759475, 1102.0412335683936], [0.0, 0.0, 1.0]], "dist": [[0.2117604641813481, -2.5704698762592177, -0.0004400661435797146, 0.009092275878983178, 11.184473384676988]]}