{
    "coeffs_x": [
        -0.06622308476704776,
        0.010112795445654119,
        -0.0012132350313942884
    ],
    "coeffs_y": [
        0.05239782574125473,
        -0.012057913782526065,
        0.001141032145005144
    ]
}