{
    "tray": {
        "pose": {
            "position": {
                "x": -0.38122443233325365,
                "y": 0.3618584963950742,
                "z": 0.04349736802758633
            },
            "orientation": {
                "x": -0.003977031107468491,
                "y": 0.9998893263501698,
                "z": 0.009923745908261391,
                "w": -0.010345894921272015
            }
        },
        "offsets": {
            "x": -0.014605,
            "y": 0.016,
            "z": 0.0
        },
        "rows": 8,
        "cols": 21
    },
    "tray_pose": {
        "position": [
            -0.20100001880393317,
            -0.6760000134285881,
            0.0159999615858247
        ],
        "orientation": [
            0.9999999999997154,
            -5.64295406027698e-07,
            -4.6873302141106095e-07,
            -1.7596048379480712e-07
        ]
    },
    "socket_pose": {
        "position": [
            0.40814412895241686,
            -0.06420586530153137,
            0.25815437119005136
        ],
        "orientation": [
            0.9993389224080702,
            -0.03415878202982528,
            -0.011454015574266884,
            0.004868397861760791
        ]
    },
    "socket_tag_pose": {
        "0": {
            "x": 0.0049845109906111506,
            "y": 0.0005955905630288012,
            "z": 0.15275791251407733,
            "camera": 1,
            "quaternion": {
                "x": 0.08076651694066987,
                "y": -0.009122454021345172,
                "z": -0.0017791822258935903,
                "w": 0.9966897135440438
            }
        }
    }
}