{
    "tray": {
        "pose": {
            "position": {
                "x": -0.13189636562042506,
                "y": -0.6997476091528032,
                "z": 0.020616946445232237
            },
            "orientation": {
                "x": 0.9804002593361043,
                "y": -0.1970160691250733,
                "z": 8.67243033456116e-08,
                "w": -4.428101880658815e-07
            }
        },
        "offsets": {
            "x": -0.014605,
            "y": 0.016,
            "z": 0.0
        },
        "rows": 8,
        "cols": 21
    },
    "tray_pose": {
        "position": [
            -0.20100001880393317,
            -0.6760000134285881,
            0.0159999615858247
        ],
        "orientation": [
            0.9999999999997154,
            -5.64295406027698e-07,
            -4.6873302141106095e-07,
            -1.7596048379480712e-07
        ]
    },
    "socket_pose": {
        "position": [
            -0.14653017782794092,
            -0.5398758634454673,
            0.06398168896772691
        ],
        "orientation": [
            0.969098353146845,
            -0.24667464772521808,
            -7.129849604988863e-06,
            -6.846725347677565e-06
        ]
    },
    "socket_tag_pose": {
        "0": {
            "x": 0.0049845109906111506,
            "y": 0.0005955905630288012,
            "z": 0.15275791251407733,
            "camera": 1,
            "quaternion": {
                "x": 0.08076651694066987,
                "y": -0.009122454021345172,
                "z": -0.0017791822258935903,
                "w": 0.9966897135440438
            }
        }
    }
}