{
    "tray_pose": {
        "position": [
            -0.20100001880393317,
            -0.6760000134285881,
            0.0159999615858247
        ],
        "orientation": [
            0.9999999999997154,
            -5.64295406027698e-07,
            -4.6873302141106095e-07,
            -1.7596048379480712e-07
        ]
    },
    "socket_pose": {
        "position": [
            -0.20106312439495014,
            -0.5040630886545425,
            0.06505403661363118
        ],
        "orientation": [
            0.9999999999993034,
            -9.518178085983178e-11,
            -4.694667831570626e-11,
            -1.1803278519234468e-06
        ]
    }
}