{
    "tray": {
        "pose": {
            "position": {
                "x": -0.21137780818304136,
                "y": -0.6748485253982416,
                "z": 0.02192252735361444
            },
            "orientation": {
                "x": 0.9994127428934697,
                "y": -0.032813462522319065,
                "z": -0.0035408800840708286,
                "w": 0.009214563889730689
            }
        },
        "offsets": {
            "x": -0.014605,
            "y": 0.016,
            "z": 0.0
        },
        "rows": 3,
        "cols": 3
    },
    "tray_pose": {
        "position": [
            -0.20100001880393317,
            -0.6760000134285881,
            0.0159999615858247
        ],
        "orientation": [
            0.9999999999997154,
            -5.64295406027698e-07,
            -4.6873302141106095e-07,
            -1.7596048379480712e-07
        ]
    },
    "socket_pose": {
        "position": [
            -0.211108272897123,
            -0.5525646012632923,
            0.06416799724762631
        ],
        "orientation": [
            0.9990432870846119,
            -0.04260357386701068,
            -0.0036309893564650205,
            0.009179430332275439
        ]
    },
    "socket_tag_pose": {
        "0": {
            "x": 0.004375766768874527,
            "y": 3.3974329746142945e-05,
            "z": 0.004910655060726212,
            "camera": 2,
            "quaternion": {
                "x": 0.014684032171356096,
                "y": 0.005983781853704102,
                "z": 0.0004633093878448613,
                "w": 0.9998741715327628
            }
        }
    }
}