{
    "tray": {
        "pose": {
            "position": {
                "x": -0.3815515617549771,
                "y": 0.3621205569615567,
                "z": 0.04325566740296996
            },
            "orientation": {
                "x": -0.0039770310915038095,
                "y": 0.9998893263511895,
                "z": 0.009923745872333252,
                "w": -0.010345894863317351
            }
        },
        "offsets": {
            "x": -0.014605,
            "y": 0.016,
            "z": 0.0
        },
        "rows": 8,
        "cols": 21
    },
    "tray_pose": {
        "position": [
            -0.20100001880393317,
            -0.6760000134285881,
            0.0159999615858247
        ],
        "orientation": [
            0.9999999999997154,
            -5.64295406027698e-07,
            -4.6873302141106095e-07,
            -1.7596048379480712e-07
        ]
    },
    "socket_pose": {
        "position": [
            0.40793099973406766,
            -0.06399809175952219,
            0.25894188342654445
        ],
        "orientation": [
            0.9993799106349118,
            -0.033810988123362175,
            -0.009591109905001892,
            0.0021498633137197096
        ]
    },
    "socket_tag_pose": {
        "0": {
            "x": 0.0049845109906111506,
            "y": 0.0005955905630288012,
            "z": 0.15275791251407733,
            "camera": 1,
            "quaternion": {
                "x": 0.08076651694066987,
                "y": -0.009122454021345172,
                "z": -0.0017791822258935903,
                "w": 0.9966897135440438
            }
        }
    }
}