{
    "tray": {
        "pose": {
            "position": {
                "x": -0.20100001880393317,
                "y": -0.6760000134285881,
                "z": 0.020
            },
            "orientation": {
                "x": 0.9999996121004324,
                "y": -8.571812803430098e-06,
                "z": 0.00022297313272478684,
                "w": -0.0008520613186117809
            }
        },
        "offsets": {
            "x": -0.016,
            "y": 0.014605,
            "z": 0.0
        },
        "rows": 3,
        "cols": 3
    },
    "tray_pose": {
        "position": [
            -0.20100001880393317,
            -0.6760000134285881,
            0.0159999615858247
        ],
        "orientation": [
            0.9999999999997154,
            -5.64295406027698e-07,
            -4.6873302141106095e-07,
            -1.7596048379480712e-07
        ]
    },
    "socket_pose": {
        "position": [
            -0.20106312439495014,
            -0.5040630886545425,
            0.065
        ],
        "orientation": [
            0.9999999999993034,
            -9.518178085983178e-11,
            -4.694667831570626e-11,
            -1.1803278519234468e-06
        ]
    }
}