{
    "tray": {
        "pose": {
            "position": {
                "x": -0.38189825962375934,
                "y": 0.3632941505568803,
                "z": 0.04087905631273378
            },
            "orientation": {
                "x": -0.0039770310943303645,
                "y": 0.9998893263513737,
                "z": 0.009923745856064502,
                "w": -0.010345894860046032
            }
        },
        "offsets": {
            "x": -0.014605,
            "y": 0.016,
            "z": 0.0
        },
        "rows": 8,
        "cols": 21
    },
    "tray_pose": {
        "position": [
            -0.20100001880393317,
            -0.6760000134285881,
            0.0159999615858247
        ],
        "orientation": [
            0.9999999999997154,
            -5.64295406027698e-07,
            -4.6873302141106095e-07,
            -1.7596048379480712e-07
        ]
    },
    "socket_pose": {
        "position": [
            0.40760262008637943,
            -0.06407916210137768,
            0.25851526261625046
        ],
        "orientation": [
            0.9994028811381629,
            -0.0336942046727986,
            -0.007285878577432896,
            0.002344721211900495
        ]
    },
    "socket_tag_pose": {
        "0": {
            "x": 0.0049845109906111506,
            "y": 0.0005955905630288012,
            "z": 0.15275791251407733,
            "camera": 1,
            "quaternion": {
                "x": 0.08076651694066987,
                "y": -0.009122454021345172,
                "z": -0.0017791822258935903,
                "w": 0.9966897135440438
            }
        }
    }
}