{
    "tray": {
        "pose": {
            "position": {
                "x": -0.21285980887289052,
                "y": -0.6080048571713023,
                "z": 0.16212965360717413
            },
            "orientation": {
                "x": 0.0006136694873274362,
                "y": -0.06620411955216683,
                "z": 0.9976260509800742,
                "w": 0.018944666003526397
            }
        },
        "offsets": {
            "x": -0.016,
            "y": 0.014605,
            "z": -0.1325
        },
        "rows": 3,
        "cols": 3
    },
    "socket_pose": {
        "position": [
            -0.0610274415318854,
            -0.5035463655585801,
            0.20028291686197858
        ],
        "orientation": [
            0.003444323504182925,
            0.048712650066502695,
            0.9986393735668816,
            0.01829250997111409
        ]
    },
    "socket_tag_pose": {
        "0": {
            "x": -2.7364161826068827,
            "y": 0.4556589419443268,
            "z": 40.22417230776985,
            "yaw": -0.4307765369544384
        }
    },
    "target_camera_translation": {
        "x": -0.0009873787268779401,
        "y": -0.0026706632379073763,
        "z": 0
    }
}