{
    "tray": {
        "pose": {
            "position": {
                "x": -0.3816363166180146,
                "y": 0.3647413068044586,
                "z": 0.04205772180512579
            },
            "orientation": {
                "x": -0.004012099261680942,
                "y": 0.9999919514973508,
                "z": -1.8536651281028606e-07,
                "w": 1.1209692080390805e-08
            }
        },
        "offsets": {
            "x": -0.014605,
            "y": 0.016,
            "z": 0.0
        },
        "rows": 8,
        "cols": 21
    },
    "tray_pose": {
        "position": [
            -0.20100001880393317,
            -0.6760000134285881,
            0.0159999615858247
        ],
        "orientation": [
            0.9999999999997154,
            -5.64295406027698e-07,
            -4.6873302141106095e-07,
            -1.7596048379480712e-07
        ]
    },
    "socket_pose": {
        "position": [
            0.45549130963798273,
            -0.2279742659215741,
            0.2585964505312145
        ],
        "orientation": [
            0.9998849813933555,
            -0.015005219018430204,
            -0.002139144233703514,
            0.0005398593942650588
        ]
    },
    "socket_tag_pose": {
        "0": {
            "x": 0.0049845109906111506,
            "y": 0.0005955905630288012,
            "z": 0.15275791251407733,
            "camera": 1,
            "quaternion": {
                "x": 0.08076651694066987,
                "y": -0.009122454021345172,
                "z": -0.0017791822258935903,
                "w": 0.9966897135440438
            }
        }
    }
}