{
    "tray": {
        "pose": {
            "position": {
                "x": -0.08829420325042346,
                "y": 0.4786363318769831,
                "z": 0.02027803652656532
            },
            "orientation": {
                "x": 0.9999999943728837,
                "y": 0.00010608582701414513,
                "z": -5.163211087841493e-11,
                "w": -1.7323573495491037e-07
            }
        },
        "offsets": {
            "x": -0.014605,
            "y": 0.016,
            "z": 0.0
        },
        "rows": 8,
        "cols": 21
    },
    "tray_pose": {
        "position": [
            -0.20100001880393317,
            -0.6760000134285881,
            0.0159999615858247
        ],
        "orientation": [
            0.9999999999997154,
            -5.64295406027698e-07,
            -4.6873302141106095e-07,
            -1.7596048379480712e-07
        ]
    },
    "socket_pose": {
        "position": [
            0.12589345225623488,
            0.3872159593196949,
            0.06439126104366755
        ],
        "orientation": [
            0.9992875565603265,
            -0.037740949957071356,
            6.5393715002626456e-09,
            -1.731042771529421e-07
        ]
    },
    "socket_tag_pose": {
        "0": {
            "x": 0.0049845109906111506,
            "y": 0.0005955905630288012,
            "z": 0.15275791251407733,
            "camera": 1,
            "quaternion": {
                "x": 0.08076651694066987,
                "y": -0.009122454021345172,
                "z": -0.0017791822258935903,
                "w": 0.9966897135440438
            }
        }
    }
}