{
    "tray": {
        "pose": {
            "position": {
                "x": -0.38189826615370387,
                "y": 0.36280946760614785,
                "z": 0.04255595751717811
            },
            "orientation": {
                "x": -0.003977031109639936,
                "y": 0.9998893263513912,
                "z": 0.009923745822409867,
                "w": -0.010345894884748737
            }
        },
        "offsets": {
            "x": -0.014605,
            "y": 0.016,
            "z": 0.0
        },
        "rows": 8,
        "cols": 21
    },
    "tray_pose": {
        "position": [
            -0.20100001880393317,
            -0.6760000134285881,
            0.0159999615858247
        ],
        "orientation": [
            0.9999999999997154,
            -5.64295406027698e-07,
            -4.6873302141106095e-07,
            -1.7596048379480712e-07
        ]
    },
    "socket_pose": {
        "position": [
            0.4078867813529055,
            -0.06401746778840037,
            0.25805929692277746
        ],
        "orientation": [
            0.9994412085801528,
            -0.03267503054252445,
            -0.0067601059173164,
            0.001978367730045756
        ]
    },
    "socket_tag_pose": {
        "0": {
            "x": 0.0049845109906111506,
            "y": 0.0005955905630288012,
            "z": 0.15275791251407733,
            "camera": 1,
            "quaternion": {
                "x": 0.08076651694066987,
                "y": -0.009122454021345172,
                "z": -0.0017791822258935903,
                "w": 0.9966897135440438
            }
        }
    }
}