{
    "tray": {
        "pose": {
            "position": {
                "x": -0.21285980887289052,
                "y": -0.6080048571713023,
                "z": 0.16212965360717413
            },
            "orientation": {
                "x": 0.0006136694873274362,
                "y": -0.06620411955216683,
                "z": 0.9976260509800742,
                "w": 0.018944666003526397
            }
        },
        "offsets": {
            "x": -0.016,
            "y": 0.014605,
            "z": -0.1325
        },
        "rows": 3,
        "cols": 3
    },
    "socket_pose": {
        "position": [
            -0.08400676009292728,
            -0.530491121934501,
            0.4047144487563657
        ],
        "orientation": [
            -4.884349277437622e-06,
            3.3404017952841087e-07,
            0.9999999999661491,
            -6.613122713358151e-06
        ]
    },
    "socket_tag_pose": {
        "0": {
            "x": -2.7364161826068827,
            "y": 0.4556589419443268,
            "z": 40.22417230776985,
            "yaw": -0.4307765369544384
        }
    },
    "target_camera_translation": {
        "x": -0.0009873787268779401,
        "y": -0.0026706632379073763,
        "z": 0
    }
}