{
    "tray": {
        "pose": {
            "position": {
                "x": -0.3823360365598097,
                "y": 0.3654723834797181,
                "z": 0.04423928384107906
            },
            "orientation": {
                "x": -0.004012099262024984,
                "y": 0.9999919514973494,
                "z": -1.8536474964483852e-07,
                "w": 1.1208222750625028e-08
            }
        },
        "offsets": {
            "x": -0.014605,
            "y": 0.016,
            "z": 0.0
        },
        "rows": 8,
        "cols": 21
    },
    "tray_pose": {
        "position": [
            -0.20100001880393317,
            -0.6760000134285881,
            0.0159999615858247
        ],
        "orientation": [
            0.9999999999997154,
            -5.64295406027698e-07,
            -4.6873302141106095e-07,
            -1.7596048379480712e-07
        ]
    },
    "socket_pose": {
        "position": [
            0.4617002562067345,
            -0.2433355076137656,
            0.2585135761844013
        ],
        "orientation": [
            0.9996051252325796,
            -0.028095665462917075,
            -0.0004724487941836308,
            6.311173772446515e-05
        ]
    },
    "socket_tag_pose": {
        "0": {
            "x": 0.0049845109906111506,
            "y": 0.0005955905630288012,
            "z": 0.15275791251407733,
            "camera": 1,
            "quaternion": {
                "x": 0.08076651694066987,
                "y": -0.009122454021345172,
                "z": -0.0017791822258935903,
                "w": 0.9966897135440438
            }
        }
    }
}