{
    "tray": {
        "pose": {
            "position": {
                "x": -0.13141031094347386,
                "y": -0.6990806720844974,
                "z": 0.018874134545126903
            },
            "orientation": {
                "x": 0.9804002593352499,
                "y": -0.19701606912932562,
                "z": 8.67228030628597e-08,
                "w": -4.4281017105563854e-07
            }
        },
        "offsets": {
            "x": -0.014605,
            "y": 0.016,
            "z": 0.0
        },
        "rows": 8,
        "cols": 21
    },
    "tray_pose": {
        "position": [
            -0.20100001880393317,
            -0.6760000134285881,
            0.0159999615858247
        ],
        "orientation": [
            0.9999999999997154,
            -5.64295406027698e-07,
            -4.6873302141106095e-07,
            -1.7596048379480712e-07
        ]
    },
    "socket_pose": {
        "position": [
            -0.2309197579255506,
            -0.46390077450650213,
            0.06520356151363535
        ],
        "orientation": [
            0.9886606780173552,
            -0.15016676747899615,
            -6.794367276938794e-05,
            3.2723534558596605e-05
        ]
    },
    "socket_tag_pose": {
        "0": {
            "x": 0.0049845109906111506,
            "y": 0.0005955905630288012,
            "z": 0.15275791251407733,
            "camera": 1,
            "quaternion": {
                "x": 0.08076651694066987,
                "y": -0.009122454021345172,
                "z": -0.0017791822258935903,
                "w": 0.9966897135440438
            }
        }
    }
}