{
    "tray": {
        "pose": {
            "position": {
                "x": -0.08921425918845521,
                "y": 0.4790018745886176,
                "z": 0.04250927614170011
            },
            "orientation": {
                "x": 0.9999865148253523,
                "y": 0.0051921694537947335,
                "z": 3.7126240896882815e-05,
                "w": -0.00010082386081504165
            }
        },
        "offsets": {
            "x": -0.014605,
            "y": 0.016,
            "z": 0.0
        },
        "rows": 8,
        "cols": 21
    },
    "tray_pose": {
        "position": [
            -0.20100001880393317,
            -0.6760000134285881,
            0.0159999615858247
        ],
        "orientation": [
            0.9999999999997154,
            -5.64295406027698e-07,
            -4.6873302141106095e-07,
            -1.7596048379480712e-07
        ]
    },
    "socket_pose": {
        "position": [
            0.024272862560772088,
            0.3187496061342638,
            0.08016250453709889
        ],
        "orientation": [
            0.9866861045691717,
            0.16263379321754884,
            0.000695701190099913,
            -0.0005443837242860233
        ]
    },
    "socket_tag_pose": {
        "0": {
            "x": 0.0049845109906111506,
            "y": 0.0005955905630288012,
            "z": 0.15275791251407733,
            "camera": 1,
            "quaternion": {
                "x": 0.08076651694066987,
                "y": -0.009122454021345172,
                "z": -0.0017791822258935903,
                "w": 0.9966897135440438
            }
        }
    }
}