{"position": [0.0015637187911420878, 0.0015730039155448553, 0.04560613592496445], "orientation": [0.003692038308172977, -0.009686672235185906, 0.00047623807582029143, 0.9999461537660086]}