{"position": [0.0017998584853385529, 0.0018506789313200414, 0.040672983776706535], "orientation": [0.007953909768334549, -0.01528561017688163, 0.0025353977289220616, 0.9998483170957851]}