{"position": [0.0019405552001122966, 0.001053221353303129, 0.03983906245651522], "orientation": [-0.041496605255630106, -0.010806045558880534, 0.0007989840982653882, 0.999079888075047]}