{"position": [0.0005038860808152135, 0.0009146550774464683, 0.0405438172549471], "orientation": [0.0840322879614682, -0.014340435728495964, 0.0004353694189088192, 0.996359742731784]}