{"position": [0.0014423222841313122, 0.001774544406190982, 0.0411073094344588], "orientation": [0.015462858203325184, -0.013428868473601365, 0.0020362600730071197, 0.9997881871439659]}