{
    "start": {
        "tag": {
            "position": [
                0.01416731068001283,
                -0.0016752528700947349,
                0.15509632277468152
            ],
            "orientation": [
                0.010653055807937238,
                -0.012500238702438948,
                0.003076394350733701,
                0.999860386370084
            ]
        },
        "robot": {
            "position": [
                0.05889028724857109,
                0.3596762980517066,
                0.21110903917645318
            ],
            "orientation": [
                3.1403125484358116,
                -0.00018903427001992767,
                -0.010504323600131205
            ]
        }
    },
    "last": {
        "tag": {
            "position": [
                0.0036873449419607936,
                -5.8449847237692074e-05,
                0.01596594684228302
            ],
            "orientation": [
                -0.03562060722713733,
                0.00015451147446542544,
                0.003694622836289128,
                0.999358543381239
            ]
        },
        "robot": {
            "position": [
                0.05176593036132047,
                0.3605488232095976,
                0.07132586782353215
            ],
            "orientation": [
                3.14029887768866,
                -5.14870123549116e-05,
                -0.010614372906155412
            ]
        }
    }
}