{
    "start": {
        "tag": {
            "position": [
                0.008079791187988567,
                0.00011861645303946814,
                0.15501587167161965
            ],
            "orientation": [
                6.298996946713984e-05,
                -0.01654929819818318,
                -0.0005943908281408948,
                0.9998628723284783
            ]
        },
        "robot": {
            "position": [
                -0.23050891642895277,
                -0.4637527297166199,
                0.21475974811476134
            ],
            "orientation": [
                3.141521572077706,
                0.00011958909503695381,
                -0.30144932129963764
            ]
        }
    },
    "last": {
        "tag": {
            "position": [
                0.0032951437558498753,
                -0.00010607633154917346,
                0.014669958931446344
            ],
            "orientation": [
                -0.01454982191287905,
                -0.004844545040333281,
                -0.0008154000745921083,
                0.9998820771412866
            ]
        },
        "robot": {
            "position": [
                -0.23071500375296736,
                -0.4639007751873166,
                0.07349535020782857
            ],
            "orientation": [
                3.1415075428814134,
                0.0001245184977929359,
                -0.30147390779003813
            ]
        }
    }
}