{
    "start": {
        "tag": {
            "position": [
                0.009483193220942942,
                0.014513492623529009,
                0.15623665187196728
            ],
            "orientation": [
                0.1649560823105751,
                -0.05291976165206541,
                0.040614769399909226,
                0.9840423925024915
            ]
        },
        "robot": {
            "position": [
                -0.2465234604311222,
                -0.45925317169843105,
                0.2184081277124557
            ],
            "orientation": [
                3.1414922226764244,
                0.0001540394876755613,
                -0.5381515626622522
            ]
        }
    },
    "last": {
        "tag": {
            "position": [
                0.0030532796001809257,
                0.0007516911775032095,
                0.014954140674389823
            ],
            "orientation": [
                -0.03444837845719843,
                -0.008704924389453429,
                0.002595703110481715,
                0.9993651964314175
            ]
        },
        "robot": {
            "position": [
                -0.25575894751675526,
                -0.4709982921841401,
                0.07372180249911114
            ],
            "orientation": [
                3.141427482470004,
                0.0001483732960805284,
                -0.6020023121683398
            ]
        }
    }
}